loop,model_type,target_pair,strategy_name_full,total_return_pct,sharpe_ratio,win_rate,max_drawdown_pct,total_trades
1,Multi-CNN-LSTM,EURUSD,Multi-CNN-LSTM (Target: EURUSD) Conservative,5.789999999999745,13.856608443549103,0.20634920634920634,3.0562006502552856,63
1,Multi-CNN-LSTM,EURUSD,Multi-CNN-LSTM (Target: EURUSD) Moderate,1.7300000000000184,5.878294054687383,0.2911392405063291,2.071435485432123,79
1,Multi-CNN-LSTM,EURUSD,Multi-CNN-LSTM (Target: EURUSD) Aggressive,0.33200000000004365,2.5859939704248616,0.44537815126050423,0.696937066283778,119
1,Multi-CNN-LSTM,GBPUSD,Multi-CNN-LSTM (Target: GBPUSD) Conservative,2.383599999999715,2.319679205852011,0.14516129032258066,12.827944063569827,62
1,Multi-CNN-LSTM,GBPUSD,Multi-CNN-LSTM (Target: GBPUSD) Moderate,4.984999999999946,6.019861501507962,0.2361111111111111,6.5305354286251465,72
1,Multi-CNN-LSTM,GBPUSD,Multi-CNN-LSTM (Target: GBPUSD) Aggressive,0.7409999999999854,3.534653093703254,0.3068181818181818,1.4293638686926649,88
1,Multi-CNN-LSTM,USDJPY,Multi-CNN-LSTM (Target: USDJPY) Conservative,2.8815300000005846,10.126285608224471,0.22058823529411764,1.721711906956897,68
1,Multi-CNN-LSTM,USDJPY,Multi-CNN-LSTM (Target: USDJPY) Moderate,-2.1179699999998047,-8.953813241679635,0.27058823529411763,2.8121078342379673,85
1,Multi-CNN-LSTM,USDJPY,Multi-CNN-LSTM (Target: USDJPY) Aggressive,0.2263409999999385,2.719359787686978,0.4188034188034188,0.40387575437555295,117
1,Single-CNN-LSTM,EURUSD,Single-CNN-LSTM (EURUSD) Conservative,3.6900000000000004,10.131412503356904,0.12962962962962962,2.5403264754176753,54
1,Single-CNN-LSTM,EURUSD,Single-CNN-LSTM (EURUSD) Moderate,3.1249999999997633,13.049502002870838,0.18032786885245902,1.277133006361354,61
1,Single-CNN-LSTM,EURUSD,Single-CNN-LSTM (EURUSD) Aggressive,1.6829999999998655,18.044236172865077,0.4368932038834951,0.41368713433014076,103
1,Single-CNN-LSTM,GBPUSD,Single-CNN-LSTM (GBPUSD) Conservative,9.369599999999483,8.475872465789521,0.13559322033898305,3.676398309250279,59
1,Single-CNN-LSTM,GBPUSD,Single-CNN-LSTM (GBPUSD) Moderate,3.6049999999998543,5.296295157288711,0.1746031746031746,3.9013035381750694,63
1,Single-CNN-LSTM,GBPUSD,Single-CNN-LSTM (GBPUSD) Aggressive,0.69399999999996,4.1635727246644265,0.2361111111111111,0.8946586222847719,72
1,Single-CNN-LSTM,USDJPY,Single-CNN-LSTM (USDJPY) Conservative,-0.29997000000001206,-2.3333114852499723,0.10714285714285714,0.851827342415476,56
1,Single-CNN-LSTM,USDJPY,Single-CNN-LSTM (USDJPY) Moderate,1.1135250000001178,11.956607516112008,0.16129032258064516,0.5397265936106576,62
1,Single-CNN-LSTM,USDJPY,Single-CNN-LSTM (USDJPY) Aggressive,-0.10635299999996277,-3.2323557578284285,0.16176470588235295,0.304387723317346,68
1,Buy & Hold,EURUSD,Buy & Hold (EURUSD),0.0,0.0,0.0,0.0,0
1,RSI-based Trading,EURUSD,RSI-based Trading (EURUSD),0.0,0.0,0.0,0.0,0
1,MACD-based Trading,EURUSD,MACD-based Trading (EURUSD),0.0,0.0,0.0,0.0,0
1,Buy & Hold,GBPUSD,Buy & Hold (GBPUSD),0.0,0.0,0.0,0.0,0
1,RSI-based Trading,GBPUSD,RSI-based Trading (GBPUSD),0.0,0.0,0.0,0.0,0
1,MACD-based Trading,GBPUSD,MACD-based Trading (GBPUSD),0.0,0.0,0.0,0.0,0
1,Buy & Hold,USDJPY,Buy & Hold (USDJPY),0.0,0.0,0.0,0.0,0
1,RSI-based Trading,USDJPY,RSI-based Trading (USDJPY),0.0,0.0,0.0,0.0,0
1,MACD-based Trading,USDJPY,MACD-based Trading (USDJPY),0.0,0.0,0.0,0.0,0
2,Multi-CNN-LSTM,EURUSD,Multi-CNN-LSTM (Target: EURUSD) Conservative,-3.070200000000059,-6.972732659155429,0.0625,5.061425061425047,64
2,Multi-CNN-LSTM,EURUSD,Multi-CNN-LSTM (Target: EURUSD) Moderate,0.8900000000002729,4.871348080367471,0.1527777777777778,1.1224339093190665,72
2,Multi-CNN-LSTM,EURUSD,Multi-CNN-LSTM (Target: EURUSD) Aggressive,0.3409999999999855,6.49454494689511,0.23863636363636365,0.2755697927755025,88
2,Multi-CNN-LSTM,GBPUSD,Multi-CNN-LSTM (Target: GBPUSD) Conservative,-2.8886000000000966,-5.503820283675315,0.09090909090909091,4.375124576440005,66
2,Multi-CNN-LSTM,GBPUSD,Multi-CNN-LSTM (Target: GBPUSD) Moderate,1.5550000000001274,6.694447938245083,0.17333333333333334,1.4120291200468347,75
2,Multi-CNN-LSTM,GBPUSD,Multi-CNN-LSTM (Target: GBPUSD) Aggressive,0.6099999999999818,5.507927504514157,0.3465346534653465,0.48860096924104834,101
2,Multi-CNN-LSTM,USDJPY,Multi-CNN-LSTM (Target: USDJPY) Conservative,-4.345019999999822,-9.004116393631127,0.11764705882352941,5.977430450265382,68
2,Multi-CNN-LSTM,USDJPY,Multi-CNN-LSTM (Target: USDJPY) Moderate,-3.672359999999953,-12.743810361137147,0.18604651162790697,4.0387209710765415,86
2,Multi-CNN-LSTM,USDJPY,Multi-CNN-LSTM (Target: USDJPY) Aggressive,-1.0753470000000016,-11.834286668673915,0.3217391304347826,1.13739596959137,115
2,Single-CNN-LSTM,EURUSD,Single-CNN-LSTM (EURUSD) Conservative,1.849999999999454,4.695638661710052,0.12121212121212122,2.9540375085027173,66
2,Single-CNN-LSTM,EURUSD,Single-CNN-LSTM (EURUSD) Moderate,0.6799999999995634,3.0301921969143444,0.15492957746478872,2.1726219934674518,71
2,Single-CNN-LSTM,EURUSD,Single-CNN-LSTM (EURUSD) Aggressive,0.5669999999999527,9.925648376571454,0.26506024096385544,0.5922469490309195,83
2,Single-CNN-LSTM,GBPUSD,Single-CNN-LSTM (GBPUSD) Conservative,0.9800000000002183,6.11304677051052,0.07936507936507936,0.7665094339622625,63
2,Single-CNN-LSTM,GBPUSD,Single-CNN-LSTM (GBPUSD) Moderate,0.5550000000000546,3.4834956984744583,0.13043478260869565,1.074632751651421,69
2,Single-CNN-LSTM,GBPUSD,Single-CNN-LSTM (GBPUSD) Aggressive,0.18900000000001455,2.544095021836278,0.25287356321839083,0.632127663823934,87
2,Single-CNN-LSTM,USDJPY,Single-CNN-LSTM (USDJPY) Conservative,-2.145239999999794,-12.498849297328867,0.01639344262295082,2.6320311602143636,61
2,Single-CNN-LSTM,USDJPY,Single-CNN-LSTM (USDJPY) Moderate,-0.6681149999998889,-12.055384852612539,0.016129032258064516,0.915800727132271,62
2,Single-CNN-LSTM,USDJPY,Single-CNN-LSTM (USDJPY) Aggressive,0.2854259999999522,8.387992329761714,0.136986301369863,0.14571981825473992,73
2,Buy & Hold,EURUSD,Buy & Hold (EURUSD),0.0,0.0,0.0,0.0,0
2,RSI-based Trading,EURUSD,RSI-based Trading (EURUSD),0.0,0.0,0.0,0.0,0
2,MACD-based Trading,EURUSD,MACD-based Trading (EURUSD),0.0,0.0,0.0,0.0,0
2,Buy & Hold,GBPUSD,Buy & Hold (GBPUSD),0.0,0.0,0.0,0.0,0
2,RSI-based Trading,GBPUSD,RSI-based Trading (GBPUSD),0.0,0.0,0.0,0.0,0
2,MACD-based Trading,GBPUSD,MACD-based Trading (GBPUSD),0.0,0.0,0.0,0.0,0
2,Buy & Hold,USDJPY,Buy & Hold (USDJPY),0.0,0.0,0.0,0.0,0
2,RSI-based Trading,USDJPY,RSI-based Trading (USDJPY),0.0,0.0,0.0,0.0,0
2,MACD-based Trading,USDJPY,MACD-based Trading (USDJPY),0.0,0.0,0.0,0.0,0
3,Multi-CNN-LSTM,EURUSD,Multi-CNN-LSTM (Target: EURUSD) Conservative,5.560000000000036,27.58099418124429,0.27586206896551724,0.06796116504856126,58
3,Multi-CNN-LSTM,EURUSD,Multi-CNN-LSTM (Target: EURUSD) Moderate,4.134999999999909,22.204349093075823,0.3076923076923077,0.6060895294455042,65
3,Multi-CNN-LSTM,EURUSD,Multi-CNN-LSTM (Target: EURUSD) Aggressive,-1.8129999999999928,-15.223896098407415,0.40186915887850466,1.9420872190070408,107
3,Multi-CNN-LSTM,GBPUSD,Multi-CNN-LSTM (Target: GBPUSD) Conservative,8.060000000000219,27.179383943230295,0.24528301886792453,1.4221197271066846,53
3,Multi-CNN-LSTM,GBPUSD,Multi-CNN-LSTM (Target: GBPUSD) Moderate,4.060000000000164,19.490583140980448,0.2833333333333333,1.0798617776924886,60
3,Multi-CNN-LSTM,GBPUSD,Multi-CNN-LSTM (Target: GBPUSD) Aggressive,0.8750000000000181,4.447836411981217,0.46788990825688076,0.9845108855690068,109
3,Multi-CNN-LSTM,USDJPY,Multi-CNN-LSTM (Target: USDJPY) Conservative,-2.881529999999657,-11.87185859804086,0.13725490196078433,3.5217308505945595,51
3,Multi-CNN-LSTM,USDJPY,Multi-CNN-LSTM (Target: USDJPY) Moderate,0.30906000000013595,3.2960620933914275,0.23333333333333334,0.5927279907690876,60
3,Multi-CNN-LSTM,USDJPY,Multi-CNN-LSTM (Target: USDJPY) Aggressive,-0.06635699999998905,-1.3565041711813346,0.32941176470588235,0.5337399870452437,85
3,Single-CNN-LSTM,EURUSD,Single-CNN-LSTM (EURUSD) Conservative,1.9168000000001486,15.34066312556958,0.09090909090909091,0.5499999999998181,44
3,Single-CNN-LSTM,EURUSD,Single-CNN-LSTM (EURUSD) Moderate,0.6900000000002001,6.1660940019251615,0.17307692307692307,0.9924945684377184,52
3,Single-CNN-LSTM,EURUSD,Single-CNN-LSTM (EURUSD) Aggressive,0.4380000000000655,10.241806453797961,0.34285714285714286,0.3757380568974517,70
3,Single-CNN-LSTM,GBPUSD,Single-CNN-LSTM (GBPUSD) Conservative,4.309999999999836,22.717819127019524,0.1111111111111111,0.0,45
3,Single-CNN-LSTM,GBPUSD,Single-CNN-LSTM (GBPUSD) Moderate,2.4199999999998547,22.067389805014514,0.1276595744680851,0.18030310413733172,47
3,Single-CNN-LSTM,GBPUSD,Single-CNN-LSTM (GBPUSD) Aggressive,-0.5479999999999745,-6.556650792493637,0.21666666666666667,1.0289990645463012,60
3,Single-CNN-LSTM,USDJPY,Single-CNN-LSTM (USDJPY) Conservative,-3.4087499999999817,-11.900918674148633,0.0625,4.7722500000000405,48
3,Single-CNN-LSTM,USDJPY,Single-CNN-LSTM (USDJPY) Moderate,-1.2362399999999252,-7.765955787336717,0.12727272727272726,2.5997237535318627,55
3,Single-CNN-LSTM,USDJPY,Single-CNN-LSTM (USDJPY) Aggressive,-0.3026969999999528,-7.394943845196723,0.20634920634920634,0.6755960140448292,63
3,Buy & Hold,EURUSD,Buy & Hold (EURUSD),0.0,0.0,0.0,0.0,0
3,RSI-based Trading,EURUSD,RSI-based Trading (EURUSD),0.0,0.0,0.0,0.0,0
3,MACD-based Trading,EURUSD,MACD-based Trading (EURUSD),0.0,0.0,0.0,0.0,0
3,Buy & Hold,GBPUSD,Buy & Hold (GBPUSD),0.0,0.0,0.0,0.0,0
3,RSI-based Trading,GBPUSD,RSI-based Trading (GBPUSD),0.0,0.0,0.0,0.0,0
3,MACD-based Trading,GBPUSD,MACD-based Trading (GBPUSD),0.0,0.0,0.0,0.0,0
3,Buy & Hold,USDJPY,Buy & Hold (USDJPY),0.0,0.0,0.0,0.0,0
3,RSI-based Trading,USDJPY,RSI-based Trading (USDJPY),0.0,0.0,0.0,0.0,0
3,MACD-based Trading,USDJPY,MACD-based Trading (USDJPY),0.0,0.0,0.0,0.0,0
4,Multi-CNN-LSTM,EURUSD,Multi-CNN-LSTM (Target: EURUSD) Conservative,-1.3552999999996245,-3.9600278257487025,0.18032786885245902,3.6471694378468,61
4,Multi-CNN-LSTM,EURUSD,Multi-CNN-LSTM (Target: EURUSD) Moderate,-0.8149999999998181,-2.453946162372149,0.33707865168539325,3.8653244722439695,89
4,Multi-CNN-LSTM,EURUSD,Multi-CNN-LSTM (Target: EURUSD) Aggressive,-1.5710000000000581,-11.152216625852331,0.39705882352941174,2.03242726756979,136
4,Multi-CNN-LSTM,GBPUSD,Multi-CNN-LSTM (Target: GBPUSD) Conservative,-1.9169999999995344,-3.5550996707685387,0.1774193548387097,5.183112324492423,62
4,Multi-CNN-LSTM,GBPUSD,Multi-CNN-LSTM (Target: GBPUSD) Moderate,-3.659999999999582,-9.32459919123286,0.23684210526315788,5.2675750394940195,76
4,Multi-CNN-LSTM,GBPUSD,Multi-CNN-LSTM (Target: GBPUSD) Aggressive,0.5770000000000983,4.830746799648344,0.4215686274509804,0.6369616039940202,102
4,Multi-CNN-LSTM,USDJPY,Multi-CNN-LSTM (Target: USDJPY) Conservative,-7.381079999999983,-23.217636452880622,0.018867924528301886,7.616215209049954,53
4,Multi-CNN-LSTM,USDJPY,Multi-CNN-LSTM (Target: USDJPY) Moderate,-4.122314999999908,-22.916831394744587,0.0847457627118644,4.244173864340171,59
4,Multi-CNN-LSTM,USDJPY,Multi-CNN-LSTM (Target: USDJPY) Aggressive,-0.8226450000000114,-13.5276399903549,0.2597402597402597,1.1365697793045397,77
4,Single-CNN-LSTM,EURUSD,Single-CNN-LSTM (EURUSD) Conservative,-0.2099999999995816,-0.7410270742529771,0.14285714285714285,2.291870714985299,56
4,Single-CNN-LSTM,EURUSD,Single-CNN-LSTM (EURUSD) Moderate,0.7800000000003274,5.762184023419975,0.18032786885245902,1.2184935881688341,61
4,Single-CNN-LSTM,EURUSD,Single-CNN-LSTM (EURUSD) Aggressive,-0.7629999999999746,-7.091399725393696,0.3711340206185567,1.0917226844591934,97
4,Single-CNN-LSTM,GBPUSD,Single-CNN-LSTM (GBPUSD) Conservative,0.08640000000052168,0.4405577317859656,0.14545454545454545,2.8319403949534534,55
4,Single-CNN-LSTM,GBPUSD,Single-CNN-LSTM (GBPUSD) Moderate,-2.5849999999996363,-7.93133172663873,0.16923076923076924,3.816153238546296,65
4,Single-CNN-LSTM,GBPUSD,Single-CNN-LSTM (GBPUSD) Aggressive,0.017000000000007277,0.22860443616937162,0.2875,0.8129435704005304,80
4,Single-CNN-LSTM,USDJPY,Single-CNN-LSTM (USDJPY) Conservative,-6.781139999999959,-20.85738196038662,0.037037037037037035,7.017798299767436,54
4,Single-CNN-LSTM,USDJPY,Single-CNN-LSTM (USDJPY) Moderate,-4.858605000000007,-25.712869846935092,0.05263157894736842,4.9795280526002905,57
4,Single-CNN-LSTM,USDJPY,Single-CNN-LSTM (USDJPY) Aggressive,-1.1398859999999513,-23.13375535467165,0.1643835616438356,1.2915229495296572,73
4,Buy & Hold,EURUSD,Buy & Hold (EURUSD),0.0,0.0,0.0,0.0,0
4,RSI-based Trading,EURUSD,RSI-based Trading (EURUSD),0.0,0.0,0.0,0.0,0
4,MACD-based Trading,EURUSD,MACD-based Trading (EURUSD),0.0,0.0,0.0,0.0,0
4,Buy & Hold,GBPUSD,Buy & Hold (GBPUSD),0.0,0.0,0.0,0.0,0
4,RSI-based Trading,GBPUSD,RSI-based Trading (GBPUSD),0.0,0.0,0.0,0.0,0
4,MACD-based Trading,GBPUSD,MACD-based Trading (GBPUSD),0.0,0.0,0.0,0.0,0
4,Buy & Hold,USDJPY,Buy & Hold (USDJPY),0.0,0.0,0.0,0.0,0
4,RSI-based Trading,USDJPY,RSI-based Trading (USDJPY),0.0,0.0,0.0,0.0,0
4,MACD-based Trading,USDJPY,MACD-based Trading (USDJPY),0.0,0.0,0.0,0.0,0
5,Multi-CNN-LSTM,EURUSD,Multi-CNN-LSTM (Target: EURUSD) Conservative,0.10830000000005384,0.9501311128469103,0.12962962962962962,0.8283433133733626,54
5,Multi-CNN-LSTM,EURUSD,Multi-CNN-LSTM (Target: EURUSD) Moderate,-1.0199999999998,-5.618359608363404,0.21875,2.6741661732780706,64
5,Multi-CNN-LSTM,EURUSD,Multi-CNN-LSTM (Target: EURUSD) Aggressive,0.01900000000006912,0.5075431029429915,0.34146341463414637,0.4152691263376672,82
5,Multi-CNN-LSTM,GBPUSD,Multi-CNN-LSTM (Target: GBPUSD) Conservative,4.370000000000473,21.956037194372303,0.22950819672131148,0.4436119873815416,61
5,Multi-CNN-LSTM,GBPUSD,Multi-CNN-LSTM (Target: GBPUSD) Moderate,2.0600000000000183,14.066260427788698,0.2753623188405797,0.7382979770635775,69
5,Multi-CNN-LSTM,GBPUSD,Multi-CNN-LSTM (Target: GBPUSD) Aggressive,0.8959999999999126,14.416490494466496,0.3888888888888889,0.34262560456045066,90
5,Multi-CNN-LSTM,USDJPY,Multi-CNN-LSTM (Target: USDJPY) Conservative,0.2908800000001247,2.082815916994596,0.057692307692307696,0.9998999999998524,52
5,Multi-CNN-LSTM,USDJPY,Multi-CNN-LSTM (Target: USDJPY) Moderate,-0.5454000000000088,-5.13358216777734,0.13333333333333333,1.372386132491531,60
5,Multi-CNN-LSTM,USDJPY,Multi-CNN-LSTM (Target: USDJPY) Aggressive,0.19907100000005812,2.7331293322795345,0.3409090909090909,0.6352907092221707,88
5,Single-CNN-LSTM,EURUSD,Single-CNN-LSTM (EURUSD) Conservative,0.45000000000007273,3.648635097846755,0.1320754716981132,0.997432352360422,53
5,Single-CNN-LSTM,EURUSD,Single-CNN-LSTM (EURUSD) Moderate,0.7650000000001638,8.268400244445655,0.17543859649122806,0.746231776624696,57
5,Single-CNN-LSTM,EURUSD,Single-CNN-LSTM (EURUSD) Aggressive,-0.049999999999945435,-0.9150577674733746,0.29333333333333333,0.5464044988633476,75
5,Single-CNN-LSTM,GBPUSD,Single-CNN-LSTM (GBPUSD) Conservative,2.960000000000309,23.067925005721964,0.1509433962264151,0.2615518744550995,53
5,Single-CNN-LSTM,GBPUSD,Single-CNN-LSTM (GBPUSD) Moderate,1.6500000000000365,18.978452358303546,0.17857142857142858,0.5235602094241544,56
5,Single-CNN-LSTM,GBPUSD,Single-CNN-LSTM (GBPUSD) Aggressive,-0.6199999999999637,-9.166578576393741,0.22857142857142856,0.9972006654645652,70
5,Single-CNN-LSTM,USDJPY,Single-CNN-LSTM (USDJPY) Conservative,0.48177000000034237,3.782474725987565,0.09433962264150944,1.190789999999888,53
5,Single-CNN-LSTM,USDJPY,Single-CNN-LSTM (USDJPY) Moderate,-0.05453999999979715,-0.4075299711770167,0.12280701754385964,1.5134162152329453,57
5,Single-CNN-LSTM,USDJPY,Single-CNN-LSTM (USDJPY) Aggressive,-0.23088599999991857,-3.804005110995524,0.30120481927710846,0.5481959315427853,83
5,Buy & Hold,EURUSD,Buy & Hold (EURUSD),0.0,0.0,0.0,0.0,0
5,RSI-based Trading,EURUSD,RSI-based Trading (EURUSD),0.0,0.0,0.0,0.0,0
5,MACD-based Trading,EURUSD,MACD-based Trading (EURUSD),0.0,0.0,0.0,0.0,0
5,Buy & Hold,GBPUSD,Buy & Hold (GBPUSD),0.0,0.0,0.0,0.0,0
5,RSI-based Trading,GBPUSD,RSI-based Trading (GBPUSD),0.0,0.0,0.0,0.0,0
5,MACD-based Trading,GBPUSD,MACD-based Trading (GBPUSD),0.0,0.0,0.0,0.0,0
5,Buy & Hold,USDJPY,Buy & Hold (USDJPY),0.0,0.0,0.0,0.0,0
5,RSI-based Trading,USDJPY,RSI-based Trading (USDJPY),0.0,0.0,0.0,0.0,0
5,MACD-based Trading,USDJPY,MACD-based Trading (USDJPY),0.0,0.0,0.0,0.0,0
6,Multi-CNN-LSTM,EURUSD,Multi-CNN-LSTM (Target: EURUSD) Conservative,2.2600000000003817,8.000932155355343,0.1891891891891892,1.42531921211532,74
6,Multi-CNN-LSTM,EURUSD,Multi-CNN-LSTM (Target: EURUSD) Moderate,-0.020000000000254658,0.044771749142757555,0.21686746987951808,2.004652774340393,83
6,Multi-CNN-LSTM,EURUSD,Multi-CNN-LSTM (Target: EURUSD) Aggressive,0.13,1.70175424072072,0.3490566037735849,0.5014333802802542,106
6,Multi-CNN-LSTM,GBPUSD,Multi-CNN-LSTM (Target: GBPUSD) Conservative,4.980000000000455,12.854676135832179,0.15942028985507245,2.1907849494055815,69
6,Multi-CNN-LSTM,GBPUSD,Multi-CNN-LSTM (Target: GBPUSD) Moderate,1.4300000000004547,4.733820599745174,0.21794871794871795,1.1199762128944482,78
6,Multi-CNN-LSTM,GBPUSD,Multi-CNN-LSTM (Target: GBPUSD) Aggressive,0.976000000000131,12.005793339663182,0.34615384615384615,0.27166611935396445,104
6,Multi-CNN-LSTM,USDJPY,Multi-CNN-LSTM (Target: USDJPY) Conservative,0.6817500000000292,5.552246831919984,0.109375,0.7701996099409129,64
6,Multi-CNN-LSTM,USDJPY,Multi-CNN-LSTM (Target: USDJPY) Moderate,-1.6498349999999118,-10.847348914006853,0.16,2.270436173518344,75
6,Multi-CNN-LSTM,USDJPY,Multi-CNN-LSTM (Target: USDJPY) Aggressive,-0.15362100000000284,-3.0791989203296013,0.26605504587155965,0.4424859123498138,109
6,Single-CNN-LSTM,EURUSD,Single-CNN-LSTM (EURUSD) Conservative,0.21680000000013025,1.0001173387145348,0.08064516129032258,2.0880527922780363,62
6,Single-CNN-LSTM,EURUSD,Single-CNN-LSTM (EURUSD) Moderate,-1.070000000000018,-6.935263951772418,0.08955223880597014,1.4153999501619552,67
6,Single-CNN-LSTM,EURUSD,Single-CNN-LSTM (EURUSD) Aggressive,-0.50899999999996,-8.868473138629913,0.16455696202531644,0.7691539306762559,79
6,Single-CNN-LSTM,GBPUSD,Single-CNN-LSTM (GBPUSD) Conservative,7.06999999999991,22.89113420557355,0.13846153846153847,0.5108556832695469,65
6,Single-CNN-LSTM,GBPUSD,Single-CNN-LSTM (GBPUSD) Moderate,3.095000000000055,16.252833689799417,0.18055555555555555,0.7545320921116556,72
6,Single-CNN-LSTM,GBPUSD,Single-CNN-LSTM (GBPUSD) Aggressive,0.8210000000000581,15.475111558583304,0.27906976744186046,0.20686924675834892,86
6,Single-CNN-LSTM,USDJPY,Single-CNN-LSTM (USDJPY) Conservative,-1.5362099999998646,-8.3833349785991,0.09230769230769231,1.8147008738113293,65
6,Single-CNN-LSTM,USDJPY,Single-CNN-LSTM (USDJPY) Moderate,-0.8544599999998355,-5.550224448785929,0.11594202898550725,1.9253298751434085,69
6,Single-CNN-LSTM,USDJPY,Single-CNN-LSTM (USDJPY) Aggressive,0.23633999999998195,6.5241086647496225,0.28735632183908044,0.18336797776230873,87
6,Buy & Hold,EURUSD,Buy & Hold (EURUSD),0.0,0.0,0.0,0.0,0
6,RSI-based Trading,EURUSD,RSI-based Trading (EURUSD),0.0,0.0,0.0,0.0,0
6,MACD-based Trading,EURUSD,MACD-based Trading (EURUSD),0.0,0.0,0.0,0.0,0
6,Buy & Hold,GBPUSD,Buy & Hold (GBPUSD),0.0,0.0,0.0,0.0,0
6,RSI-based Trading,GBPUSD,RSI-based Trading (GBPUSD),0.0,0.0,0.0,0.0,0
6,MACD-based Trading,GBPUSD,MACD-based Trading (GBPUSD),0.0,0.0,0.0,0.0,0
6,Buy & Hold,USDJPY,Buy & Hold (USDJPY),0.0,0.0,0.0,0.0,0
6,RSI-based Trading,USDJPY,RSI-based Trading (USDJPY),0.0,0.0,0.0,0.0,0
6,MACD-based Trading,USDJPY,MACD-based Trading (USDJPY),0.0,0.0,0.0,0.0,0
7,Multi-CNN-LSTM,EURUSD,Multi-CNN-LSTM (Target: EURUSD) Conservative,-1.592699999999786,-4.957342212222953,0.21875,3.326745456351359,64
7,Multi-CNN-LSTM,EURUSD,Multi-CNN-LSTM (Target: EURUSD) Moderate,-0.10999999999974534,-0.2875832486184112,0.3253012048192771,1.7649999999997272,83
7,Multi-CNN-LSTM,EURUSD,Multi-CNN-LSTM (Target: EURUSD) Aggressive,0.3070000000000982,2.998592670502726,0.4108527131782946,0.3902818813383228,129
7,Multi-CNN-LSTM,GBPUSD,Multi-CNN-LSTM (Target: GBPUSD) Conservative,0.06849999999985812,0.394493090128914,0.18032786885245902,3.889798642892781,61
7,Multi-CNN-LSTM,GBPUSD,Multi-CNN-LSTM (Target: GBPUSD) Moderate,1.4699999999995998,5.927262364250469,0.29333333333333333,1.3411938098747795,75
7,Multi-CNN-LSTM,GBPUSD,Multi-CNN-LSTM (Target: GBPUSD) Aggressive,-0.6940000000000509,-4.2902985172930865,0.375,1.0497221030363817,120
7,Multi-CNN-LSTM,USDJPY,Multi-CNN-LSTM (Target: USDJPY) Conservative,-4.372289999999939,-14.837449351193102,0.11290322580645161,5.39037000000002,62
7,Multi-CNN-LSTM,USDJPY,Multi-CNN-LSTM (Target: USDJPY) Moderate,0.10453499999983251,0.6238580433787347,0.24358974358974358,1.9134450000001018,78
7,Multi-CNN-LSTM,USDJPY,Multi-CNN-LSTM (Target: USDJPY) Aggressive,-0.010907999999926686,-0.11950033993805152,0.330188679245283,0.3959676647387745,106
7,Single-CNN-LSTM,EURUSD,Single-CNN-LSTM (EURUSD) Conservative,0.41350000000031284,1.944135466474025,0.14814814814814814,2.1730541288028196,54
7,Single-CNN-LSTM,EURUSD,Single-CNN-LSTM (EURUSD) Moderate,0.395,3.1879849719881785,0.24193548387096775,1.0919739911649182,62
7,Single-CNN-LSTM,EURUSD,Single-CNN-LSTM (EURUSD) Aggressive,-0.25300000000008366,-4.969052150132527,0.2962962962962963,0.6656022353059559,81
7,Single-CNN-LSTM,GBPUSD,Single-CNN-LSTM (GBPUSD) Conservative,4.000000000000018,19.249051116873442,0.21052631578947367,0.913725113013367,57
7,Single-CNN-LSTM,GBPUSD,Single-CNN-LSTM (GBPUSD) Moderate,-0.14500000000007277,-0.7360453388439828,0.203125,1.7166104385791876,64
7,Single-CNN-LSTM,GBPUSD,Single-CNN-LSTM (GBPUSD) Aggressive,0.7169999999999709,15.211177849797735,0.3026315789473684,0.20618351328738918,76
7,Single-CNN-LSTM,USDJPY,Single-CNN-LSTM (USDJPY) Conservative,-2.581559999999681,-10.378231591101212,0.10526315789473684,4.37228999999983,57
7,Single-CNN-LSTM,USDJPY,Single-CNN-LSTM (USDJPY) Moderate,-3.090600000000086,-13.524246741747062,0.1917808219178082,4.717710000000152,73
7,Single-CNN-LSTM,USDJPY,Single-CNN-LSTM (USDJPY) Aggressive,-1.0298969999999645,-7.516292453951104,0.4206896551724138,1.414404000000013,145
7,Buy & Hold,EURUSD,Buy & Hold (EURUSD),0.0,0.0,0.0,0.0,0
7,RSI-based Trading,EURUSD,RSI-based Trading (EURUSD),0.0,0.0,0.0,0.0,0
7,MACD-based Trading,EURUSD,MACD-based Trading (EURUSD),0.0,0.0,0.0,0.0,0
7,Buy & Hold,GBPUSD,Buy & Hold (GBPUSD),0.0,0.0,0.0,0.0,0
7,RSI-based Trading,GBPUSD,RSI-based Trading (GBPUSD),0.0,0.0,0.0,0.0,0
7,MACD-based Trading,GBPUSD,MACD-based Trading (GBPUSD),0.0,0.0,0.0,0.0,0
7,Buy & Hold,USDJPY,Buy & Hold (USDJPY),0.0,0.0,0.0,0.0,0
7,RSI-based Trading,USDJPY,RSI-based Trading (USDJPY),0.0,0.0,0.0,0.0,0
7,MACD-based Trading,USDJPY,MACD-based Trading (USDJPY),0.0,0.0,0.0,0.0,0
8,Multi-CNN-LSTM,EURUSD,Multi-CNN-LSTM (Target: EURUSD) Conservative,-1.8690999999996893,-8.14551891168513,0.12280701754385964,2.019999999999909,57
8,Multi-CNN-LSTM,EURUSD,Multi-CNN-LSTM (Target: EURUSD) Moderate,0.24499999999979988,1.3318732857865914,0.2602739726027397,1.3308834483786256,73
8,Multi-CNN-LSTM,EURUSD,Multi-CNN-LSTM (Target: EURUSD) Aggressive,-1.16799999999992,-16.94679035159067,0.29292929292929293,1.2739999999999418,99
8,Multi-CNN-LSTM,GBPUSD,Multi-CNN-LSTM (Target: GBPUSD) Conservative,-0.7387999999997737,-1.7282218527056628,0.1694915254237288,3.2970423503979807,59
8,Multi-CNN-LSTM,GBPUSD,Multi-CNN-LSTM (Target: GBPUSD) Moderate,-0.40000000000021824,-1.6683403393525478,0.2753623188405797,1.8283968261791688,69
8,Multi-CNN-LSTM,GBPUSD,Multi-CNN-LSTM (Target: GBPUSD) Aggressive,-0.09900000000006913,-1.306346370137004,0.35294117647058826,0.44276027124050493,85
8,Multi-CNN-LSTM,USDJPY,Multi-CNN-LSTM (Target: USDJPY) Conservative,1.2544199999997907,4.2850694964244065,0.1694915254237288,1.8715462692462568,59
8,Multi-CNN-LSTM,USDJPY,Multi-CNN-LSTM (Target: USDJPY) Moderate,-2.736090000000004,-14.020053539322046,0.16176470588235295,3.062121167876137,68
8,Multi-CNN-LSTM,USDJPY,Multi-CNN-LSTM (Target: USDJPY) Aggressive,-0.899000999999953,-12.110771590403495,0.32989690721649484,0.9924205146429896,97
8,Single-CNN-LSTM,EURUSD,Single-CNN-LSTM (EURUSD) Conservative,2.0799999999998544,25.292966171715953,0.12,0.0,50
8,Single-CNN-LSTM,EURUSD,Single-CNN-LSTM (EURUSD) Moderate,0.1600000000000182,1.4240351202869512,0.19298245614035087,1.014999999999982,57
8,Single-CNN-LSTM,EURUSD,Single-CNN-LSTM (EURUSD) Aggressive,0.6669999999998981,28.429656839241574,0.33783783783783783,0.03587372448978146,74
8,Single-CNN-LSTM,GBPUSD,Single-CNN-LSTM (GBPUSD) Conservative,-0.21370000000009898,-0.5982062358823635,0.1724137931034483,3.085824589190254,58
8,Single-CNN-LSTM,GBPUSD,Single-CNN-LSTM (GBPUSD) Moderate,-1.5950000000000364,-7.914108586408354,0.16666666666666666,2.5540177237877484,60
8,Single-CNN-LSTM,GBPUSD,Single-CNN-LSTM (GBPUSD) Aggressive,-0.2580000000000291,-5.2489747673470815,0.2535211267605634,0.6224273668225524,71
8,Single-CNN-LSTM,USDJPY,Single-CNN-LSTM (USDJPY) Conservative,0.6817500000001747,3.8844396915579464,0.15517241379310345,1.264449234685121,58
8,Single-CNN-LSTM,USDJPY,Single-CNN-LSTM (USDJPY) Moderate,0.8271900000000096,8.734830206369208,0.19672131147540983,0.6343008232613164,61
8,Single-CNN-LSTM,USDJPY,Single-CNN-LSTM (USDJPY) Aggressive,-0.14362199999995937,-3.5390158955555555,0.2702702702702703,0.2880482656506114,74
8,Buy & Hold,EURUSD,Buy & Hold (EURUSD),0.0,0.0,0.0,0.0,0
8,RSI-based Trading,EURUSD,RSI-based Trading (EURUSD),0.0,0.0,0.0,0.0,0
8,MACD-based Trading,EURUSD,MACD-based Trading (EURUSD),0.0,0.0,0.0,0.0,0
8,Buy & Hold,GBPUSD,Buy & Hold (GBPUSD),0.0,0.0,0.0,0.0,0
8,RSI-based Trading,GBPUSD,RSI-based Trading (GBPUSD),0.0,0.0,0.0,0.0,0
8,MACD-based Trading,GBPUSD,MACD-based Trading (GBPUSD),0.0,0.0,0.0,0.0,0
8,Buy & Hold,USDJPY,Buy & Hold (USDJPY),0.0,0.0,0.0,0.0,0
8,RSI-based Trading,USDJPY,RSI-based Trading (USDJPY),0.0,0.0,0.0,0.0,0
8,MACD-based Trading,USDJPY,MACD-based Trading (USDJPY),0.0,0.0,0.0,0.0,0
9,Multi-CNN-LSTM,EURUSD,Multi-CNN-LSTM (Target: EURUSD) Conservative,1.089999999999345,16.083866251336413,0.140625,0.19829466587347114,64
9,Multi-CNN-LSTM,EURUSD,Multi-CNN-LSTM (Target: EURUSD) Moderate,-0.4450000000000182,-5.449806404930524,0.11940298507462686,0.9078665136927868,67
9,Multi-CNN-LSTM,EURUSD,Multi-CNN-LSTM (Target: EURUSD) Aggressive,0.35899999999997817,13.514529000494024,0.29411764705882354,0.24574933567763071,85
9,Multi-CNN-LSTM,GBPUSD,Multi-CNN-LSTM (Target: GBPUSD) Conservative,-0.6520000000001164,-2.7339301448682107,0.12698412698412698,2.1019311168627004,63
9,Multi-CNN-LSTM,GBPUSD,Multi-CNN-LSTM (Target: GBPUSD) Moderate,-1.5999999999997998,-11.131817114662113,0.13432835820895522,2.529754494298072,67
9,Multi-CNN-LSTM,GBPUSD,Multi-CNN-LSTM (Target: GBPUSD) Aggressive,-0.3579999999999745,-7.03727743417594,0.25882352941176473,0.5674552429667085,85
9,Multi-CNN-LSTM,USDJPY,Multi-CNN-LSTM (Target: USDJPY) Conservative,-1.7089200000001439,-8.149053120508162,0.08196721311475409,3.004147690573911,61
9,Multi-CNN-LSTM,USDJPY,Multi-CNN-LSTM (Target: USDJPY) Moderate,0.11362499999993815,1.0128941760538097,0.17647058823529413,1.1046622068322383,68
9,Multi-CNN-LSTM,USDJPY,Multi-CNN-LSTM (Target: USDJPY) Aggressive,-0.2508840000000055,-5.252765715541635,0.2289156626506024,0.5720200422270179,83
9,Single-CNN-LSTM,EURUSD,Single-CNN-LSTM (EURUSD) Conservative,-1.326900000000478,-7.874650296253527,0.109375,2.7018221429988167,64
9,Single-CNN-LSTM,EURUSD,Single-CNN-LSTM (EURUSD) Moderate,0.08499999999989086,1.207274234042521,0.18309859154929578,0.5526512322628652,71
9,Single-CNN-LSTM,EURUSD,Single-CNN-LSTM (EURUSD) Aggressive,0.1419999999999891,5.034080969823129,0.22784810126582278,0.26475377898554353,79
9,Single-CNN-LSTM,GBPUSD,Single-CNN-LSTM (GBPUSD) Conservative,0.36999999999979993,3.322914272735205,0.12903225806451613,0.7970509116271072,62
9,Single-CNN-LSTM,GBPUSD,Single-CNN-LSTM (GBPUSD) Moderate,2.265000000000309,19.37879307839204,0.2328767123287671,0.5364327223960473,73
9,Single-CNN-LSTM,GBPUSD,Single-CNN-LSTM (GBPUSD) Aggressive,-0.008999999999887223,-0.1258011705305721,0.26506024096385544,0.6650339485892662,83
9,Single-CNN-LSTM,USDJPY,Single-CNN-LSTM (USDJPY) Conservative,-2.9997000000003937,-16.633027883993833,0.06557377049180328,3.149363288910001,61
9,Single-CNN-LSTM,USDJPY,Single-CNN-LSTM (USDJPY) Moderate,-1.327139999999945,-8.991964325020517,0.10606060606060606,1.5032335266156647,66
9,Single-CNN-LSTM,USDJPY,Single-CNN-LSTM (USDJPY) Aggressive,-0.36632700000001933,-7.769779218755967,0.2441860465116279,0.38717416997553955,86
9,Buy & Hold,EURUSD,Buy & Hold (EURUSD),0.0,0.0,0.0,0.0,0
9,RSI-based Trading,EURUSD,RSI-based Trading (EURUSD),0.0,0.0,0.0,0.0,0
9,MACD-based Trading,EURUSD,MACD-based Trading (EURUSD),0.0,0.0,0.0,0.0,0
9,Buy & Hold,GBPUSD,Buy & Hold (GBPUSD),0.0,0.0,0.0,0.0,0
9,RSI-based Trading,GBPUSD,RSI-based Trading (GBPUSD),0.0,0.0,0.0,0.0,0
9,MACD-based Trading,GBPUSD,MACD-based Trading (GBPUSD),0.0,0.0,0.0,0.0,0
9,Buy & Hold,USDJPY,Buy & Hold (USDJPY),0.0,0.0,0.0,0.0,0
9,RSI-based Trading,USDJPY,RSI-based Trading (USDJPY),0.0,0.0,0.0,0.0,0
9,MACD-based Trading,USDJPY,MACD-based Trading (USDJPY),0.0,0.0,0.0,0.0,0
10,Multi-CNN-LSTM,EURUSD,Multi-CNN-LSTM (Target: EURUSD) Conservative,1.5400000000000909,13.126788551621164,0.19298245614035087,0.8939096267190192,57
10,Multi-CNN-LSTM,EURUSD,Multi-CNN-LSTM (Target: EURUSD) Moderate,-0.03499999999987267,-0.17045115650371218,0.22950819672131148,1.7048823878236596,61
10,Multi-CNN-LSTM,EURUSD,Multi-CNN-LSTM (Target: EURUSD) Aggressive,-0.28100000000000364,-4.748652702911452,0.31645569620253167,0.7838399169229179,79
10,Multi-CNN-LSTM,GBPUSD,Multi-CNN-LSTM (Target: GBPUSD) Conservative,-0.37389999999968493,-2.364872067689482,0.12962962962962962,1.8503999999999723,54
10,Multi-CNN-LSTM,GBPUSD,Multi-CNN-LSTM (Target: GBPUSD) Moderate,-0.23499999999987267,-1.4759053892986431,0.2153846153846154,1.41,65
10,Multi-CNN-LSTM,GBPUSD,Multi-CNN-LSTM (Target: GBPUSD) Aggressive,0.6039999999999781,15.332870811566787,0.34210526315789475,0.1554171855541755,76
10,Multi-CNN-LSTM,USDJPY,Multi-CNN-LSTM (Target: USDJPY) Conservative,0.9817200000000593,7.257794845876902,0.11320754716981132,0.7955809017617386,53
10,Multi-CNN-LSTM,USDJPY,Multi-CNN-LSTM (Target: USDJPY) Moderate,0.7726500000000669,10.468916249439259,0.14545454545454545,0.39887227530521635,55
10,Multi-CNN-LSTM,USDJPY,Multi-CNN-LSTM (Target: USDJPY) Aggressive,-0.5826689999999871,-17.736825779341995,0.12307692307692308,0.8141223371244856,65
10,Single-CNN-LSTM,EURUSD,Single-CNN-LSTM (EURUSD) Conservative,0.9772000000000116,10.268885962373078,0.09803921568627451,0.7099999999999819,51
10,Single-CNN-LSTM,EURUSD,Single-CNN-LSTM (EURUSD) Moderate,0.7550000000000909,21.13962295843461,0.11538461538461539,0.12390959555900795,52
10,Single-CNN-LSTM,EURUSD,Single-CNN-LSTM (EURUSD) Aggressive,0.2500000000000364,20.320045756237644,0.1864406779661017,0.06799999999999272,59
10,Single-CNN-LSTM,GBPUSD,Single-CNN-LSTM (GBPUSD) Conservative,2.300000000000418,19.130657434627164,0.18181818181818182,0.5086569500145285,55
10,Single-CNN-LSTM,GBPUSD,Single-CNN-LSTM (GBPUSD) Moderate,2.480000000000273,23.828269365922573,0.22033898305084745,0.38482147206383815,59
10,Single-CNN-LSTM,GBPUSD,Single-CNN-LSTM (GBPUSD) Aggressive,0.5729999999999745,21.737011100090264,0.29411764705882354,0.10200000000000727,68
10,Single-CNN-LSTM,USDJPY,Single-CNN-LSTM (USDJPY) Conservative,-0.11817000000017289,-0.368207112575422,0.09433962264150944,2.708820000000014,53
10,Single-CNN-LSTM,USDJPY,Single-CNN-LSTM (USDJPY) Moderate,-2.03161500000002,-10.994490410434935,0.14754098360655737,2.481570000000029,61
10,Single-CNN-LSTM,USDJPY,Single-CNN-LSTM (USDJPY) Aggressive,-0.270882000000056,-6.7808877997325,0.24285714285714285,0.3908700000000681,70
10,Buy & Hold,EURUSD,Buy & Hold (EURUSD),0.0,0.0,0.0,0.0,0
10,RSI-based Trading,EURUSD,RSI-based Trading (EURUSD),0.0,0.0,0.0,0.0,0
10,MACD-based Trading,EURUSD,MACD-based Trading (EURUSD),0.0,0.0,0.0,0.0,0
10,Buy & Hold,GBPUSD,Buy & Hold (GBPUSD),0.0,0.0,0.0,0.0,0
10,RSI-based Trading,GBPUSD,RSI-based Trading (GBPUSD),0.0,0.0,0.0,0.0,0
10,MACD-based Trading,GBPUSD,MACD-based Trading (GBPUSD),0.0,0.0,0.0,0.0,0
10,Buy & Hold,USDJPY,Buy & Hold (USDJPY),0.0,0.0,0.0,0.0,0
10,RSI-based Trading,USDJPY,RSI-based Trading (USDJPY),0.0,0.0,0.0,0.0,0
10,MACD-based Trading,USDJPY,MACD-based Trading (USDJPY),0.0,0.0,0.0,0.0,0
11,Multi-CNN-LSTM,EURUSD,Multi-CNN-LSTM (Target: EURUSD) Conservative,0.5423999999998341,2.6084558196688414,0.11290322580645161,2.227016885553606,62
11,Multi-CNN-LSTM,EURUSD,Multi-CNN-LSTM (Target: EURUSD) Moderate,0.6749999999999454,4.655269359574452,0.1891891891891892,0.862670788870068,74
11,Multi-CNN-LSTM,EURUSD,Multi-CNN-LSTM (Target: EURUSD) Aggressive,0.20700000000002547,3.7800161670006287,0.2978723404255319,0.2939359518542874,94
11,Multi-CNN-LSTM,GBPUSD,Multi-CNN-LSTM (Target: GBPUSD) Conservative,2.810000000000673,19.34835655661793,0.1206896551724138,0.22999999999994544,58
11,Multi-CNN-LSTM,GBPUSD,Multi-CNN-LSTM (Target: GBPUSD) Moderate,4.72500000000031,19.74131586268542,0.2,0.8229844273604651,65
11,Multi-CNN-LSTM,GBPUSD,Multi-CNN-LSTM (Target: GBPUSD) Aggressive,0.75200000000008,12.03018501540505,0.2631578947368421,0.2565397834764391,76
11,Multi-CNN-LSTM,USDJPY,Multi-CNN-LSTM (Target: USDJPY) Conservative,0.7726500000000487,6.503869840120447,0.07142857142857142,0.769774699055344,56
11,Multi-CNN-LSTM,USDJPY,Multi-CNN-LSTM (Target: USDJPY) Moderate,-2.222505000000001,-10.749012185474498,0.12307692307692308,3.7421513401870174,65
11,Multi-CNN-LSTM,USDJPY,Multi-CNN-LSTM (Target: USDJPY) Aggressive,-0.11453399999998509,-2.223204917287625,0.22077922077922077,0.806363826218251,77
11,Single-CNN-LSTM,EURUSD,Single-CNN-LSTM (EURUSD) Conservative,2.389999999999909,19.261071411921016,0.1206896551724138,0.28916143184776844,58
11,Single-CNN-LSTM,EURUSD,Single-CNN-LSTM (EURUSD) Moderate,1.2699999999997635,19.693469757559082,0.13559322033898305,0.14479005442114384,59
11,Single-CNN-LSTM,EURUSD,Single-CNN-LSTM (EURUSD) Aggressive,0.20500000000005458,13.354333998984691,0.15625,0.055889896903104516,64
11,Single-CNN-LSTM,GBPUSD,Single-CNN-LSTM (GBPUSD) Conservative,7.6092999999995845,14.305921166438885,0.21212121212121213,2.639999999999982,66
11,Single-CNN-LSTM,GBPUSD,Single-CNN-LSTM (GBPUSD) Moderate,2.7299999999998,8.430952322263936,0.25333333333333335,1.6249999999999816,75
11,Single-CNN-LSTM,GBPUSD,Single-CNN-LSTM (GBPUSD) Aggressive,0.1710000000000764,2.350961727190113,0.25301204819277107,0.41699999999997084,83
11,Single-CNN-LSTM,USDJPY,Single-CNN-LSTM (USDJPY) Conservative,0.02726999999998952,0.368396806243545,0.05454545454545454,0.7754663992831502,55
11,Single-CNN-LSTM,USDJPY,Single-CNN-LSTM (USDJPY) Moderate,0.5999400000000241,9.628813864195505,0.08771929824561403,0.38703521637265337,57
11,Single-CNN-LSTM,USDJPY,Single-CNN-LSTM (USDJPY) Aggressive,0.06908400000002075,3.197832325427575,0.11666666666666667,0.2094288283735773,60
11,Buy & Hold,EURUSD,Buy & Hold (EURUSD),0.0,0.0,0.0,0.0,0
11,RSI-based Trading,EURUSD,RSI-based Trading (EURUSD),0.0,0.0,0.0,0.0,0
11,MACD-based Trading,EURUSD,MACD-based Trading (EURUSD),0.0,0.0,0.0,0.0,0
11,Buy & Hold,GBPUSD,Buy & Hold (GBPUSD),0.0,0.0,0.0,0.0,0
11,RSI-based Trading,GBPUSD,RSI-based Trading (GBPUSD),0.0,0.0,0.0,0.0,0
11,MACD-based Trading,GBPUSD,MACD-based Trading (GBPUSD),0.0,0.0,0.0,0.0,0
11,Buy & Hold,USDJPY,Buy & Hold (USDJPY),0.0,0.0,0.0,0.0,0
11,RSI-based Trading,USDJPY,RSI-based Trading (USDJPY),0.0,0.0,0.0,0.0,0
11,MACD-based Trading,USDJPY,MACD-based Trading (USDJPY),0.0,0.0,0.0,0.0,0
12,Multi-CNN-LSTM,EURUSD,Multi-CNN-LSTM (Target: EURUSD) Conservative,-4.715000000000036,-18.58587410494158,0.08928571428571429,4.715000000000036,56
12,Multi-CNN-LSTM,EURUSD,Multi-CNN-LSTM (Target: EURUSD) Moderate,-3.339999999999909,-18.635172037890246,0.11475409836065574,3.339999999999909,61
12,Multi-CNN-LSTM,EURUSD,Multi-CNN-LSTM (Target: EURUSD) Aggressive,-1.2889999999999782,-15.455630907009597,0.25882352941176473,1.4790000000000327,85
12,Multi-CNN-LSTM,GBPUSD,Multi-CNN-LSTM (Target: GBPUSD) Conservative,-0.578800000000665,-2.7613635313855855,0.10909090909090909,2.589700504102111,55
12,Multi-CNN-LSTM,GBPUSD,Multi-CNN-LSTM (Target: GBPUSD) Moderate,-2.6450000000001275,-9.519685260762023,0.19047619047619047,3.714526274082551,63
12,Multi-CNN-LSTM,GBPUSD,Multi-CNN-LSTM (Target: GBPUSD) Aggressive,-1.0920000000000618,-12.848052031756398,0.27586206896551724,1.5229387039582614,87
12,Multi-CNN-LSTM,USDJPY,Multi-CNN-LSTM (Target: USDJPY) Conservative,-10.062630000000116,-25.38547799318259,0.05454545454545454,10.445234823264652,55
12,Multi-CNN-LSTM,USDJPY,Multi-CNN-LSTM (Target: USDJPY) Moderate,-0.7362899999999354,-2.8914262460681632,0.171875,2.3518133369117313,64
12,Multi-CNN-LSTM,USDJPY,Multi-CNN-LSTM (Target: USDJPY) Aggressive,-0.18270899999994072,-1.870429765671461,0.3473684210526316,0.4433403703775811,95
12,Single-CNN-LSTM,EURUSD,Single-CNN-LSTM (EURUSD) Conservative,-1.881499999999942,-8.701005434171421,0.12727272727272726,1.881499999999942,55
12,Single-CNN-LSTM,EURUSD,Single-CNN-LSTM (EURUSD) Moderate,-1.679999999999909,-12.307417731958148,0.14035087719298245,1.679999999999909,57
12,Single-CNN-LSTM,EURUSD,Single-CNN-LSTM (EURUSD) Aggressive,-0.681999999999971,-12.08356077011029,0.24324324324324326,0.7649311561959421,74
12,Single-CNN-LSTM,GBPUSD,Single-CNN-LSTM (GBPUSD) Conservative,-0.1749000000001979,-0.4526096101660023,0.18333333333333332,2.0386956306595714,60
12,Single-CNN-LSTM,GBPUSD,Single-CNN-LSTM (GBPUSD) Moderate,0.6600000000002183,2.561861743890849,0.29333333333333333,2.5901122710263227,75
12,Single-CNN-LSTM,GBPUSD,Single-CNN-LSTM (GBPUSD) Aggressive,0.14200000000002547,1.084676764483883,0.42857142857142855,1.0142068268114652,119
12,Single-CNN-LSTM,USDJPY,Single-CNN-LSTM (USDJPY) Conservative,-7.48106999999969,-21.998052678053575,0.07142857142857142,7.791195870927051,56
12,Single-CNN-LSTM,USDJPY,Single-CNN-LSTM (USDJPY) Moderate,-3.54964499999991,-20.910324905224837,0.08771929824561403,3.711568440931243,57
12,Single-CNN-LSTM,USDJPY,Single-CNN-LSTM (USDJPY) Aggressive,-0.9244529999999578,-21.672739969997483,0.12903225806451613,0.9577638752757949,62
12,Buy & Hold,EURUSD,Buy & Hold (EURUSD),0.0,0.0,0.0,0.0,0
12,RSI-based Trading,EURUSD,RSI-based Trading (EURUSD),0.0,0.0,0.0,0.0,0
12,MACD-based Trading,EURUSD,MACD-based Trading (EURUSD),0.0,0.0,0.0,0.0,0
12,Buy & Hold,GBPUSD,Buy & Hold (GBPUSD),0.0,0.0,0.0,0.0,0
12,RSI-based Trading,GBPUSD,RSI-based Trading (GBPUSD),0.0,0.0,0.0,0.0,0
12,MACD-based Trading,GBPUSD,MACD-based Trading (GBPUSD),0.0,0.0,0.0,0.0,0
12,Buy & Hold,USDJPY,Buy & Hold (USDJPY),0.0,0.0,0.0,0.0,0
12,RSI-based Trading,USDJPY,RSI-based Trading (USDJPY),0.0,0.0,0.0,0.0,0
12,MACD-based Trading,USDJPY,MACD-based Trading (USDJPY),0.0,0.0,0.0,0.0,0
